Workbook
Name â1: '[1]Phiếu lương T'!#REF!
Name T7_Hong: '[2]Phiếu lương T'!#REF!
Name Thưởng: '[3]Phiếu lương T'!#REF!
Name 啊: '[1]Phiếu lương T'!#REF!

Sheet Kangatang

Sheet ThongKe
A1: Đơn vị: XTEP VIET NAM
A2: Địa chỉ:
A3: BẢNG THỐNG KÊ CHẤM CÔNG
A4: Từ ngày 01/06/2026 đến ngày 30/06/2026
A6: STT | B6: Mã nhân viên | C6: Tên nhân viên | E6: 1 | F6: 2 | G6: 3 | H6: 4 | I6: 5 | J6: 6 | K6: 7 | L6: 8 | M6: 9 | N6: 10 | O6: 11 | P6: 12 | Q6: 13 | R6: 14 | S6: 15 | T6: 16 | U6: 17 | V6: 18 | W6: 19 | X6: 20 | Y6: 21 | Z6: 22 | AA6: 23 | AB6: 24 | AC6: 25 | AD6: 26 | AE6: 27 | AF6: 28 | AG6: 29 | AH6: 30 | AI6: Ngày công | AK6: Giờ công | AM6: Vào trễ | AO6: Ra sớm | AQ6: Tăng ca (giờ) | AT6: Vắng KP | AU6: Ngày nghỉ
E7: T2 | F7: T3 | G7: T4 | H7: T5 | I7: T6 | J7: T7 | K7: CN | L7: T2 | M7: T3 | N7: T4 | O7: T5 | P7: T6 | Q7: T7 | R7: CN | S7: T2 | T7: T3 | U7: T4 | V7: T5 | W7: T6 | X7: T7 | Y7: CN | Z7: T2 | AA7: T3 | AB7: T4 | AC7: T5 | AD7: T6 | AE7: T7 | AF7: CN | AG7: T2 | AH7: T3 | AI7: NT | AJ7: CT | AK7: NT | AL7: CT | AM7: Lần | AN7: Phút | AO7: Lần | AP7: Phút | AQ7: TC1 | AR7: TC2 | AS7: TC3 | AU7: OM | AV7: TS | AW7: R
A8: XTEP ROYAL CITY
A9: 1 | B9: VB00005 | C9: Nguyen Thi Mai Hoa | D9: Vào | E9: 08:23 | F9: 08:19 | G9: V | H9: 08:38 | I9: 08:19 | J9: 08:14 | K9: 08:30 | L9: 13:34 | M9: 08:19 | N9: V | O9: 08:10 | P9: 08:30 | Q9: 13:35 | R9: 08:31 | S9: 08:18 | T9: 08:28 | U9: 08:24 | V9: 08:31 | W9: V | X9: 13:27 | Y9: 08:28 | Z9: 08:20 | AA9: 13:33 | AB9: 08:31 | AC9: 08:16 | AD9: 08:49 | AE9: 12:57 | AF9: 08:32 | AG9: V | AH9: V | AI9: 14.16 | AJ9: 0 | AK9: 113.11 | AL9: 0 | AM9: 17 | AN9: 892 | AO9: 0 | AP9: 0 | AQ9: 67.64 | AR9: 0 | AS9: 0 | AT9: 5 | AU9: 0 | AV9: 0 | AW9: 0
D10: Ra | E10: 17:01 | H10: 17:02 | I10: 17:00 | J10: 22:01 | K10: 17:00 | L10: 22:00 | M10: 17:00 | O10: 17:01 | P10: 17:02 | Q10: 22:02 | R10: 17:02 | S10: 17:02 | T10: 17:02 | U10: 17:02 | V10: 17:01 | X10: 22:00 | Y10: 18:46 | Z10: 17:01 | AA10: 22:00 | AB10: 17:04 | AC10: 17:01 | AD10: 17:02 | AE10: 13:58 | AF10: 17:03
A11: 2 | B11: VB00098 | C11: Vu Thi Tra Giang | D11: Vào | E11: V | F11: 14:01 | G11: 14:51 | H11: 08:28 | I11: 14:50 | J11: 08:44 | K11: 14:34 | L11: 14:45 | M11: 08:50 | N11: 16:02 | O11: 14:43 | P11: V | Q11: 08:51 | R11: 08:49 | S11: V | T11: 14:49 | U11: 14:16 | V11: 08:38 | W11: 14:03 | X11: 08:55 | Y11: 14:54 | Z11: 08:28 | AA11: 08:53 | AB11: V | AC11: 08:42 | AD11: V | AE11: 14:47 | AF11: 08:51 | AG11: 08:35 | AH11: 08:32 | AI11: 8.74 | AJ11: 0 | AK11: 69.99001 | AL11: 0 | AM11: 17 | AN11: 2132 | AO11: 7 | AP11: 276 | AQ11: 64.06 | AR11: 0 | AS11: 0 | AT11: 5 | AU11: 0 | AV11: 0 | AW11: 0
D12: Ra | F12: 22:03 | G12: 22:07 | H12: 15:54 | I12: 22:03 | J12: 16:00 | K12: 22:00 | L12: 22:00 | M12: 22:01 | O12: 22:00 | Q12: 22:00 | R12: 16:01 | T12: 22:01 | U12: 22:07 | V12: 16:53 | W12: 22:00 | X12: 16:07 | Y12: 22:00 | Z12: 16:04 | AA12: 16:16 | AC12: 16:57 | AE12: 22:04 | AF12: 16:17 | AG12: 16:00 | AH12: 16:20
A13: 3 | B13: VB00491 | C13: Nguyen Thi Nhu | D13: Vào | E13: 13:49 | F13: 13:53 | G13: 17:03 | H13: V | I13: 13:52 | J13: 13:52 | K13: 08:53 | L13: 08:53 | M13: V | N13: V | O13: V | P13: 12:48 | Q13: 08:55 | R13: 13:46 | S13: 08:54 | T13: 13:49 | U13: 08:56 | V13: V | W13: 13:50 | X13: 08:55 | Y13: 13:56 | Z13: 13:56 | AA13: 08:53 | AB13: 13:51 | AC13: 13:53 | AD13: 08:50 | AE13: 13:44 | AF13: 08:56 | AG13: 13:49 | AH13: 13:49 | AI13: 8.57 | AJ13: 0 | AK13: 68.56 | AL13: 0 | AM13: 16 | AN13: 1410 | AO13: 0 | AP13: 0 | AQ13: 75.6 | AR13: 0 | AS13: 0 | AT13: 5 | AU13: 0 | AV13: 0 | AW13: 0
D14: Ra | E14: 22:01 | F14: 22:03 | I14: 22:12 | J14: 22:06 | K14: 22:00 | L14: 17:01 | P14: 22:16 | Q14: 17:02 | R14: 22:20 | S14: 17:02 | T14: 22:00 | U14: 17:02 | W14: 22:00 | X14: 17:01 | Y14: 22:00 | Z14: 22:00 | AA14: 17:03 | AB14: 22:05 | AC14: 22:14 | AD14: 17:02 | AE14: 22:03 | AF14: 22:00 | AG14: 22:04 | AH14: 22:06
A15: 4 | B15: VB00687 | C15: Phung Thi Thu Ha | D15: Vào | E15: 08:38 | F15: V | G15: 13:06 | H15: 11:08 | I15: 08:40 | J15: 08:35 | K15: 13:38 | L15: 08:40 | M15: V | N15: 12:45 | O15: 08:36 | P15: 08:41 | Q15: 13:17 | R15: 08:39 | S15: 13:07 | T15: 08:43 | U15: V | V15: 13:25 | W15: 08:43 | X15: 12:41 | Y15: 08:39 | Z15: V | AA15: V | AB15: 12:30 | AC15: 13:41 | AD15: 08:39 | AE15: 06:00 | AF15: 13:16 | AG15: 08:41 | AH15: 08:46 | AI15: 11.91 | AJ15: 0 | AK15: 95.26 | AL15: 0 | AM15: 15 | AN15: 1004 | AO15: 0 | AP15: 0 | AQ15: 76.69 | AR15: 0 | AS15: 0 | AT15: 5 | AU15: 0 | AV15: 0 | AW15: 0
D16: Ra | E16: 17:01 | G16: 22:09 | H16: 22:01 | I16: 17:00 | J16: 17:00 | K16: 22:00 | L16: 17:02 | N16: 22:00 | O16: 17:01 | P16: 22:17 | Q16: 22:01 | R16: 22:18 | S16: 22:00 | T16: 17:03 | V16: 22:00 | W16: 17:00 | X16: 22:00 | Y16: 17:01 | AB16: 22:01 | AC16: 22:14 | AD16: 17:02 | AE16: 17:00 | AF16: 22:06 | AG16: 17:00 | AH16: 17:00
A17: 5 | B17: VB00688 | C17: Hoang Thu Trang | D17: Vào | E17: 13:49 | F17: 08:49 | G17: 17:22 | H17: 13:48 | I17: 08:45 | J17: 13:44 | K17: 08:48 | L17: V | M17: 13:39 | N17: 08:46 | O17: 13:31 | P17: 08:44 | Q17: 08:50 | R17: 13:40 | S17: 13:51 | T17: V | U17: 13:55 | V17: 13:52 | W17: 08:45 | X17: 13:56 | Y17: 08:51 | Z17: V | AA17: 13:48 | AB17: 08:50 | AC17: 08:50 | AD17: 13:48 | AE17: 17:01 | AF17: Off | AG17: V | AH17: 13:53 | AI17: 9.889999 | AJ17: 0 | AK17: 79.11 | AL17: 0 | AM17: 18 | AN17: 1515 | AO17: 0 | AP17: 0 | AQ17: 49.64 | AR17: 0 | AS17: 0 | AT17: 4 | AU17: 0 | AV17: 0 | AW17: 0
D18: Ra | E18: 22:01 | F18: 17:18 | H18: 22:01 | I18: 17:00 | J18: 22:03 | K18: 17:00 | M18: 22:00 | N18: 22:00 | O18: 22:01 | P18: 17:02 | Q18: 17:02 | R18: 22:21 | S18: 22:01 | U18: 22:08 | V18: 22:00 | W18: 17:00 | X18: 22:00 | Y18: 17:01 | AA18: 22:00 | AB18: 17:02 | AC18: 17:01 | AD18: 22:00 | AH18: 22:05
A19: 6 | B19: VB00707 | C19: Le Ngoc Nhi | D19: Vào | E19: V | F19: V | G19: V | H19: V | I19: V | J19: Off | K19: Off | L19: V | M19: V | N19: V | O19: V | P19: V | Q19: Off | R19: Off | S19: V | T19: V | U19: V | V19: 13:52 | W19: 08:56 | X19: 08:56 | Y19: 13:37 | Z19: 13:52 | AA19: V | AB19: V | AC19: 13:36 | AD19: 14:05 | AE19: 10:28 | AF19: 13:57 | AG19: 13:52 | AH19: 08:41 | AI19: 3.26 | AJ19: 0 | AK19: 26.18 | AL19: 0 | AM19: 7 | AN19: 414 | AO19: 0 | AP19: 0 | AQ19: 31.11 | AR19: 0 | AS19: 0 | AT19: 15 | AU19: 0 | AV19: 0 | AW19: 0
D20: Ra | V20: 22:00 | W20: 17:00 | X20: 17:01 | Y20: 22:00 | Z20: 22:01 | AC20: 22:12 | AE20: 17:01 | AF20: 22:03 | AG20: 22:10 | AH20: 17:00
D22: Ghi chú:
E23: NT: Ngày thường, CT: Cuối tuần
E24: TC1: Tăng ca mức 1, TC2: Tăng ca mức 2, TC3: Tăng ca mức 3
E25: OM:Nghỉ ốm; TS:Nghỉ Thai Sản; R:Việc riêng có lương;
E26: V: Vắng (không có chấm công); Tr: Đi trễ; Sm: Về sớm; KR: Chỉ có giờ chấm công vào; KV: Chỉ có giờ chấm công ra; +: Tăng ca; X: Chấm công đúng giờ;
E27: Ngoài ra còn ký hiệu ghép của các kí hiệu đơn. Ví dụ: X+ là chấm công đúng giờ và có tăng ca

Sheet BẢNG CÔNG 
A1: CÔNG TY TNHH ĐẦU TƯ VIỆT BỘ
A2: MST:0108729006
A3: BẢNG CHẤM CÔNG CỬA HÀNG XTEP ROYAL CITY THÁNG 06/2026 | AN3: CÔNG CHUẨN | AP3: 26 | AS3: 9:00 - 17:00 14:00 - 22:00 12:00 - 20:00
A4: STT | B4: HỌ VÀ TÊN | C4: CHỨC VỤ | D4: 46174 | E4: =D4+1 -> 46175 | F4: =E4+1 -> 46176 | G4: =F4+1 -> 46177 | H4: =G4+1 -> 46178 | I4: =H4+1 -> 46179 | J4: =I4+1 -> 46180 | K4: =J4+1 -> 46181 | L4: =K4+1 -> 46182 | ... AH4: =AG4+1 -> 46204 | AI4: Ngày đi làm | AJ4: Nghỉ P + Nghỉ Hưởng lương | AK4: Ngày đóng cửa | AL4: Công ngày lễ (Số ngày lễ đi làm) | AM4: Tổng công theo giờ | AN4: Tổng công theo ngày | AO4: Số lần đi muộn/về sớm | AP4: Thưởng chuyên cần | AQ4: Xác nhận | AR4: Ghi chú
D5: =IF(WEEKDAY(D4)=1,"CN","T "&WEEKDAY(D4)) -> T 2 | E5: =IF(WEEKDAY(E4)=1,"CN","T "&WEEKDAY(E4)) -> T 3 | F5: =IF(WEEKDAY(F4)=1,"CN","T "&WEEKDAY(F4)) -> T 4 | G5: =IF(WEEKDAY(G4)=1,"CN","T "&WEEKDAY(G4)) -> T 5 | H5: =IF(WEEKDAY(H4)=1,"CN","T "&WEEKDAY(H4)) -> T 6 | I5: =IF(WEEKDAY(I4)=1,"CN","T "&WEEKDAY(I4)) -> T 7 | J5: =IF(WEEKDAY(J4)=1,"CN","T "&WEEKDAY(J4)) -> CN | K5: =IF(WEEKDAY(K4)=1,"CN","T "&WEEKDAY(K4)) -> T 2 | ... AH5: =IF(WEEKDAY(AH4)=1,"CN","T "&WEEKDAY(AH4)) -> T 4
A6: 1 | B6: NGUYỄN THỊ MAI HOA | C6: CHT CC | D6: 8 | E6: 8 | F6: 0 | G6: 8 | H6: 8 | I6: 8 | J6: 8 | K6: 8 | L6: 8 | M6: 0 | N6: 8 | O6: 8 | P6: 8 | Q6: 8 | R6: 8 | S6: 8 | T6: 8 | U6: 8 | V6: 0 | W6: 8 | X6: 8 | Y6: 8 | Z6: 8 | AA6: 8 | AB6: 8 | AC6: 8 | AD6: 8 | AE6: 8 | AF6: 0 | AG6: P | AI6: =SUM(D6:AH6) -> 200 | AJ6: =COUNTIF(D6:AH6,"P")*8+COUNTIF(D6:AH6,"KH")*8+COUNTIF(D6:AH6,"TL")*8+COUNTIF(D6:AH6,"NL")*8 -> 8 | AK6: =COUNTIF(D6:AH6,"ĐC")*8 -> 0 | AM6: =AI6+AJ6+AK6 -> 208 | AN6: =IF(AM6/8>$AP$3,$AP$3,AM6/8) -> 26 | AP6: =IF(AND(AN6>=$AP$3,AO6=0),350000,IF(AND(OR(AR6="NV MỚI",AR6="NGHỈ VIỆC"),AO6=0),350000/$AP$3*AN6,0)) -> 350000
A7: 2 | B7: VŨ THỊ TRÀ GIANG | C7: NVBH TC | D7: 0 | E7: 8 | F7: 8 | G7: 8 | H7: 8 | I7: 8 | J7: 8 | K7: 8 | L7: 8 | M7: 8 | N7: 8 | O7: 0 | P7: 8 | Q7: 8 | R7: 0 | S7: 8 | T7: 8 | U7: 8 | V7: 8 | W7: 8 | X7: 8 | Y7: 8 | Z7: 8 | AA7: 0 | AB7: 8 | AC7: P | AD7: 8 | AE7: 8 | AF7: 8 | AG7: 8 | AI7: =SUM(D7:AH7) -> 200 | AJ7: =COUNTIF(D7:AH7,"P")*8+COUNTIF(D7:AH7,"KH")*8+COUNTIF(D7:AH7,"TL")*8+COUNTIF(D7:AH7,"NL")*8 -> 8 | AK7: =COUNTIF(D7:AH7,"ĐC")*8 -> 0 | AM7: =AI7+AJ7+AK7 -> 208 | AN7: =IF(AM7/8>$AP$3,$AP$3,AM7/8) -> 26 | AP7: =IF(AND(AN7>=$AP$3,AO7=0),350000,IF(AND(OR(AR7="NV MỚI",AR7="NGHỈ VIỆC"),AO7=0),350000/$AP$3*AN7,0)) -> 350000
A8: 3 | B8: NGUYỄN THỊ NHƯ | C8: NVBH TC | D8: 8 | E8: 8 | F8: 8 | G8: 0 | H8: 8 | I8: 8 | J8: 8 | K8: 8 | L8: 0 | M8: 0 | N8: P | O8: 8 | P8: 8 | Q8: 8 | R8: 8 | S8: 8 | T8: 8 | U8: 0 | V8: 8 | W8: 8 | X8: 8 | Y8: 8 | Z8: 8 | AA8: 8 | AB8: 8 | AC8: 8 | AD8: 8 | AE8: 8 | AF8: 8 | AG8: 8 | AI8: =SUM(D8:AH8) -> 200 | AJ8: =COUNTIF(D8:AH8,"P")*8+COUNTIF(D8:AH8,"KH")*8+COUNTIF(D8:AH8,"TL")*8+COUNTIF(D8:AH8,"NL")*8 -> 8 | AK8: =COUNTIF(D8:AH8,"ĐC")*8 -> 0 | AM8: =AI8+AJ8+AK8 -> 208 | AN8: =IF(AM8/8>$AP$3,$AP$3,AM8/8) -> 26 | AP8: =IF(AND(AN8>=$AP$3,AO8=0),350000,IF(AND(OR(AR8="NV MỚI",AR8="NGHỈ VIỆC"),AO8=0),350000/$AP$3*AN8,0)) -> 350000
A9: 4 | B9: PHÙNG THỊ THU HÀ | C9: NVBH SC | D9: 8 | E9: 0 | F9: 8 | G9: 8 | H9: 8 | I9: 8 | J9: 8 | K9: 8 | L9: 0 | M9: 8 | N9: 8 | O9: 8 | P9: 8 | Q9: 8 | R9: 8 | S9: 8 | T9: 0 | U9: 8 | V9: 8 | W9: 8 | X9: 8 | Y9: 0 | Z9: P | AA9: 8 | AB9: 8 | AC9: 8 | AD9: 8 | AE9: 8 | AF9: 8 | AG9: 8 | AI9: =SUM(D9:AH9) -> 200 | AJ9: =COUNTIF(D9:AH9,"P")*8+COUNTIF(D9:AH9,"KH")*8+COUNTIF(D9:AH9,"TL")*8+COUNTIF(D9:AH9,"NL")*8 -> 8 | AK9: =COUNTIF(D9:AH9,"ĐC")*8 -> 0 | AM9: =AI9+AJ9+AK9 -> 208 | AN9: =IF(AM9/8>$AP$3,$AP$3,AM9/8) -> 26 | AP9: =IF(AND(AN9>=$AP$3,AO9=0),350000,IF(AND(OR(AR9="NV MỚI",AR9="NGHỈ VIỆC"),AO9=0),350000/$AP$3*AN9,0)) -> 350000
A10: 5 | B10: HOÀNG THU TRANG | C10: NVBH SC | D10: 8 | E10: 8 | F10: 8 | G10: 8 | H10: 8 | I10: 8 | J10: 8 | K10: 0 | L10: 8 | M10: 8 | N10: 8 | O10: 8 | P10: 8 | Q10: 8 | R10: 8 | S10: 0 | T10: 8 | U10: 8 | V10: 8 | W10: 8 | X10: 8 | Y10: 0 | Z10: 8 | AA10: 8 | AB10: 8 | AC10: 8 | AD10: 8 | AE10: P | AF10: 0 | AG10: 8 | AI10: =SUM(D10:AH10) -> 200 | AJ10: =COUNTIF(D10:AH10,"P")*8+COUNTIF(D10:AH10,"KH")*8+COUNTIF(D10:AH10,"TL")*8+COUNTIF(D10:AH10,"NL")*8 -> 8 | AK10: =COUNTIF(D10:AH10,"ĐC")*8 -> 0 | AM10: =AI10+AJ10+AK10 -> 208 | AN10: =IF(AM10/8>$AP$3,$AP$3,AM10/8) -> 26 | AP10: =IF(AND(AN10>=$AP$3,AO10=0),350000,IF(AND(OR(AR10="NV MỚI",AR10="NGHỈ VIỆC"),AO10=0),350000/$AP$3*AN10,0)) -> 350000
A11: 6 | B11: LÊ NGỌC NHI | C11: NVBH SC | D11: CHƯA NHẬN VIỆC | R11: 8 | S11: 8 | T11: 8 | U11: 8 | V11: 8 | W11: 8 | X11: 8 | Y11: 8 | Z11: 0 | AA11: 0 | AB11: 8 | AC11: 8 | AD11: 8 | AE11: 8 | AF11: 8 | AG11: 8 | AI11: =SUM(D11:AH11) -> 112 | AJ11: =COUNTIF(D11:AH11,"P")*8+COUNTIF(D11:AH11,"KH")*8+COUNTIF(D11:AH11,"TL")*8+COUNTIF(D11:AH11,"NL")*8 -> 0 | AK11: =COUNTIF(D11:AH11,"ĐC")*8 -> 0 | AM11: =AI11+AJ11+AK11 -> 112 | AN11: =IF(AM11/8>$AP$3,$AP$3,AM11/8) -> 14 | AP11: =IF(AND(AN11>=$AP$3,AO11=0),350000,IF(AND(OR(AR11="NV MỚI",AR11="NGHỈ VIỆC"),AO11=0),350000/$AP$3*AN11,0)) -> 188461.54 | AR11: NV MỚI
A13: Ngày nghỉ hàng tuần: tích 0 và đổ màu
A14: Ngày lễ: tích NL (nếu không có ca) hoặc tích 8 (nếu có ca) và đổ màu
A15: Ngày nghỉ phép có hưởng lương: tích P và đổ màu
A16: Ngày đóng cửa: tích ĐC
A17: Nghỉ không lương: tích N và đổ màu
A18: Nghỉ thai sản: tích "TS" (áp dụng cả với TH nam có vợ sinh con)
A19: TH Nghỉ hưởng lương khác: Kết hôn tích "KH" , Tang lễ bố/mẹ/con tích TL và đổ màu
A20: Ghi chú: + Đối với nhân viên mới trong tháng/nghỉ việc trong tháng ghi chú như hướng dẫn
B21: + Ô có công thức vui lòng không chỉnh sửa
D23: GIÁM ĐỐC | K23: P. HCNS | X23: QL. KHỐI CỬA HÀNG | AO23: NGƯỜI LẬP BIỂU
D30: ĐÀO THỊ THU HƯƠNG | L30: BÙI THỊ HOÀI | AB30: NGUYỄN THỊ BẮC | AP30: NGUYỄN THỊ MAI HOA

Sheet TĂNG CA
A1: CÔNG TY TNHH ĐẦU TƯ VIỆT BỘ
A2: MST:0108729006
A3: BẢNG CHẤM CÔNG TĂNG CA CỬA HÀNG XTEP ROYAL CITY THÁNG 06/2026 | AR3: Công chuẩn | AS3: 26 | AU3: không in 3 cột này
A4: STT | B4: HỌ VÀ TÊN | C4: PHÒNG BAN | D4: 46174 | E4: =D4+1 -> 46175 | F4: =E4+1 -> 46176 | G4: =F4+1 -> 46177 | H4: =G4+1 -> 46178 | I4: =H4+1 -> 46179 | J4: =I4+1 -> 46180 | K4: =J4+1 -> 46181 | L4: =K4+1 -> 46182 | ... AH4: =AG4+1 -> 46204 | AI4: Tăng ca ngày thường | AJ4: Tăng ca ngày nghỉ | AK4: Tăng ca ngày lễ | AL4: Tăng ca đêm | AM4: Tổng số giờ tăng ca | AN4: Tăng ca ngày thường | AO4: Tăng ca ngày nghỉ hàng tuần | AP4: Tăng ca ngày lễ | AQ4: Tăng ca đêm | AR4: Tổng số tiền tăng ca | AS4: Xác nhận | AT4: Ghi chú | AU4: Tổng số giờ tăng ca t10 | AV4: Tổng giờ tính lương T10 | AW4: Tổng giờ dư chuyển sang T11 | AX4: Tổng số giờ tăng ca t11 | AY4: Tổng giờ tính lương T11 | AZ4: Tổng giờ dư chuyển sang T12 | BA4: Tổng số giờ tăng ca t12 | BB4: Tổng giờ tính lương T12 | BC4: Tổng giờ dư chuyển sang T1.2026
D5: =IF(WEEKDAY(D4)=1,"CN","T "&WEEKDAY(D4)) -> T 2 | E5: =IF(WEEKDAY(E4)=1,"CN","T "&WEEKDAY(E4)) -> T 3 | F5: =IF(WEEKDAY(F4)=1,"CN","T "&WEEKDAY(F4)) -> T 4 | G5: =IF(WEEKDAY(G4)=1,"CN","T "&WEEKDAY(G4)) -> T 5 | H5: =IF(WEEKDAY(H4)=1,"CN","T "&WEEKDAY(H4)) -> T 6 | I5: =IF(WEEKDAY(I4)=1,"CN","T "&WEEKDAY(I4)) -> T 7 | J5: =IF(WEEKDAY(J4)=1,"CN","T "&WEEKDAY(J4)) -> CN | K5: =IF(WEEKDAY(K4)=1,"CN","T "&WEEKDAY(K4)) -> T 2 | ... AH5: =IF(WEEKDAY(AH4)=1,"CN","T "&WEEKDAY(AH4)) -> T 4
A6: 1 | B6: NGUYỄN THỊ MAI HOA | C6: CHT CC | I6: 5 | AI6: =SUM(D6:AH6)-AJ6-AK6-AL6 -> 5 | AM6: =AI6+AJ6+AK6+AL6 -> 5 | AN6: =5860000/$AS$3/8*AI6*150% -> 211298.08 | AO6: =5860000/$AS$3/8*AJ6*200% -> 0 | AP6: =5860000/$AS$3/8*AK6*300% -> 0 | AQ6: =5860000/$AS$3/8*AL6*200% -> 0 | AR6: =SUM(AN6:AQ6) -> 211298.08 | AU6: 53.5 | AV6: 40 | AW6: =AU6-AV6 -> 13.5 | AX6: 56 | AY6: 40 | AZ6: =AW6+AX6-AY6 -> 29.5 | BA6: 4 | BB6: 33.5 | BC6: =AZ6+BA6-BB6 -> 0
A7: 2 | B7: VŨ THỊ TRÀ GIANG | C7: NVBH TC | L7: 6 | P7: 6 | AI7: =SUM(D7:AH7)-AJ7-AK7-AL7 -> 12 | AM7: =AI7+AJ7+AK7+AL7 -> 12 | AN7: =5310000/$AS$3/8*AI7*150% -> 459519.23 | AO7: =5310000/$AS$3/8*AJ7*200% -> 0 | AP7: =5310000/$AS$3/8*AK7*300% -> 0 | AQ7: =5310000/$AS$3/8*AL7*200% -> 0 | AR7: =SUM(AN7:AQ7) -> 459519.23 | BC7: 0
A8: 3 | B8: NGUYỄN THỊ NHƯ | C8: NVBH TC | J8: 5 | O8: 1 | AE8: 5 | AI8: =SUM(D8:AH8)-AJ8-AK8-AL8 -> 11 | AM8: =AI8+AJ8+AK8+AL8 -> 11 | AN8: =5310000/$AS$3/8*AI8*150% -> 421225.96 | AO8: =5310000/$AS$3/8*AJ8*200% -> 0 | AP8: =5310000/$AS$3/8*AK8*300% -> 0 | AQ8: =5310000/$AS$3/8*AL8*200% -> 0 | AR8: =SUM(AN8:AQ8) -> 421225.96 | AU8: 30 | AV8: 30 | AW8: =AU8-AV8 -> 0 | AX8: 51.5 | AY8: 40 | AZ8: =AW8+AX8-AY8 -> 11.5 | BA8: 17 | BB8: 28.5 | BC8: =AZ8+BA8-BB8 -> 0
A9: 4 | B9: PHÙNG THỊ THU HÀ | C9: NVBH SC | O9: 5 | Q9: 5 | AI9: =SUM(D9:AH9)-AJ9-AK9-AL9 -> 10 | AM9: =AI9+AJ9+AK9+AL9 -> 10 | AN9: =5310000/$AS$3/8*AI9*150% -> 382932.69 | AO9: =5310000/$AS$3/8*AJ9*200% -> 0 | AP9: =5310000/$AS$3/8*AK9*300% -> 0 | AQ9: =5310000/$AS$3/8*AL9*200% -> 0 | AR9: =SUM(AN9:AQ9) -> 382932.69
A10: 5 | B10: HOÀNG THU TRANG | C10: NVBH SC | M10: 5 | AI10: =SUM(D10:AH10)-AJ10-AK10-AL10 -> 5 | AM10: =AI10+AJ10+AK10+AL10 -> 5 | AN10: =5310000/$AS$3/8*AI10*150% -> 191466.35 | AO10: =5310000/$AS$3/8*AJ10*200% -> 0 | AP10: =5310000/$AS$3/8*AK10*300% -> 0 | AQ10: =5310000/$AS$3/8*AL10*200% -> 0 | AR10: =SUM(AN10:AQ10) -> 191466.35
A11: 6 | B11: LÊ NGỌC NHI | C11: NVBH SC | D11: CHƯA NHẬN VIỆC | AI11: =SUM(D11:AH11)-AJ11-AK11-AL11 -> 0 | AM11: =AI11+AJ11+AK11+AL11 -> 0 | AN11: =5310000/$AS$3/8*AI11*150% -> 0 | AO11: =5310000/$AS$3/8*AJ11*200% -> 0 | AP11: =5310000/$AS$3/8*AK11*300% -> 0 | AQ11: =5310000/$AS$3/8*AL11*200% -> 0 | AR11: =SUM(AN11:AQ11) -> 0
C16: GIÁM ĐỐC | J16: P. HCNS | W16: QL. KHỐI CỬA HÀNG | AN16: NGƯỜI LẬP BIỂU
C23: ĐÀO THỊ THU HƯƠNG | K23: BÙI THỊ HOÀI | Y23: NGUYỄN THỊ BẮC | AO23: NGUYỄN THỊ MAI HOA

Sheet HOA HỒNG 
A1: CÔNG TY TNHH ĐẦU TƯ VIỆT BỘ
A2: MST:0108729006
A4: HOA HỒNG BÁN HÀNG CỬA HÀNG XTEP ROYAL CITY
A5: Tháng 06/2026
A7: STT | B7: Họ và tên | C7: Chức vụ | D7: Chỉ tiêu doanh số T06.2026 | E7: Doanh số bán hàng thực tế T06.2026 | F7: %Đạt | G7: Hệ số chức vụ | H7: Ngày công thực tế | I7: Ngày công chuẩn | J7: Lương doanh số | K7: Ký tên
D8: 740000000 | E8: 755056000 | F8: =E8/D8 -> 1.0203459 | I8: 26
E9: HH cả cửa hàng tháng 06 | J9: =E26 -> 22047184
E10: HH toàn bộ nhân viên bán hàng tháng 06 | J10: =E28 -> 15157439
A12: 1 | B12: NGUYỄN THỊ MAI HOA | C12: CHT CC | D12: 740000000 | E12: 755056000 | F12: =E12/D12 -> 1.0203459 | G12: 2 | H12: =VLOOKUP(B12,'BẢNG CÔNG '!$B$6:$AN$8,39,FALSE) -> 26 | I12: =$I$8 -> 26 | J12: =IF(H12>=7,$J$9/$G$18*G12*H12/I12,0) -> 6889745
A13: 2 | B13: VŨ THỊ TRÀ GIANG | C13: NVBH TC | F13: =E13/E18 -> #DIV/0! | G13: 1 | H13: =VLOOKUP(B13,'BẢNG CÔNG '!$B$6:$AN$8,39,FALSE) -> 26 | I13: =$I$8 -> 26 | J13: =$J$10*F13 -> #DIV/0!
A14: 3 | B14: NGUYỄN THỊ NHƯ | C14: NVBH TC | F14: =E14/E18 -> #DIV/0! | G14: 1 | H14: =VLOOKUP(B14,'BẢNG CÔNG '!$B$6:$AN$8,39,FALSE) -> 26 | I14: =$I$8 -> 26 | J14: =$J$10*F14 -> #DIV/0!
A15: 4 | B15: PHÙNG THỊ THU HÀ | C15: NVBH SC | F15: =E15/E18 -> #DIV/0! | G15: 0.8 | H15: =VLOOKUP(B15,'BẢNG CÔNG '!$B$6:$AN$20,39,FALSE) -> 26 | I15: =$I$8 -> 26 | J15: =$J$10*F15 -> #DIV/0!
A16: 5 | B16: HOÀNG THU TRANG | C16: NVBH SC | F16: =E16/E18 -> #DIV/0! | G16: 0.8 | H16: =VLOOKUP(B16,'BẢNG CÔNG '!$B$6:$AN$20,39,FALSE) -> 26 | I16: =$I$8 -> 26 | J16: =$J$10*F16 -> #DIV/0!
A17: 6 | B17: LÊ NGỌC NHI | C17: NVBH SC | F17: =E17/E19 -> #DIV/0! | G17: 0.8 | H17: =VLOOKUP(B17,'BẢNG CÔNG '!$B$6:$AN$20,39,FALSE) -> 14 | I17: =$I$8 -> 26 | J17: =$J$10*F17 -> #DIV/0!
B18: TỔNG | D18: =SUM(D13:D17) -> 0 | E18: =SUM(E13:E17) -> 0 | F18: =SUM(F13:F17) -> #DIV/0! | G18: =SUM(G12:G17) -> 6.4 | J18: =SUM(J12:J17) -> #DIV/0!
A19: CÔNG THỨC TÍNH HH CỦA NHÂN VIÊN CỬA HÀNG
A20: 1. Hoa hồng của cá nhân nhân viên không phải NVBH= Hoa hồng của cả cửa hàng ÷ Tổng hệ số cả cửa hàng X Hệ số tương ứng với chức vụ X Ngày công thực tế ÷ Ngày công chuẩn Hoa hồng được tính khi ngày công thực tế >= 7 ngày
A21: 2. Hoa hồng của cá nhân nhân viên bán hàng= (Hoa hồng cả cửa hàng – Hoa hồng của nhân viên không phải NVBH)× tỉ lệ bán hàng của cá nhân
A22: 3. Điền dữ liệu vào các ô màu
B23: Tỉ lệ hoa hồng dưới mức 100% | E23: =IF(F8<=60%,0.006,IF(F8<=70%,0.009,IF(F8<=80%,0.014,IF(F8<=90%,0.021,IF(M8<=100%,0.029))))) -> 0.029
B24: Tỉ lệ hoa hồng vượt mức 100% | E24: =IF(F8>100%,0.039,"-") -> 0.039
B25: Tổng hệ số của cửa hàng | E25: =E8/D8 -> 1.0203459
B26: Tổng Hoa hồng của cả cửa hàng | E26: =IF(F8<=100%,E23*E8,E23*D8+(E8-D8)*E24) -> 22047184
B27: Tổng Hoa hồng của tất cả các nhân viên không phải nhân viên bán hàng: | E27: =SUM(J12:J12) -> 6889745
B28: Tổng Hoa hồng nhân viên BH | E28: =E26-E27 -> 15157439
B31: QUẢN LÝ KHỐI CỬA HÀNG | E31: TRƯỞNG PHÒNG | J31: NGƯỜI LẬP BIỂU
J36: NGUYỄN THỊ MAI HOA
B37: NGUYỄN THỊ BẮC

Sheet BẢNG LƯƠNG
A1: CÔNG TY TNHH ĐẦU TƯ VIỆT BỘ
A2: MST:0108729006
E5: BẢNG LƯƠNG CỬA HÀNG ROYAL
S6: THÁNG 06/2026
C7: Ngày công chuẩn trong tháng: | E7: 26
A8: STT | B8: MÃ NV | C8: HỌ VÀ TÊN | D8: NGÀY VÀO | E8: CHỨC VỤ | F8: SỐ NGÀY CÔNG CHUẨN | G8: CÔNG CHÍNH THỨC | H8: CÔNG THỬ VIỆC | I8: CÔNG CH ĐÓNG CỬA | J8: TỔNG NGÀY CÔNG | K8: LƯƠNG CƠ BẢN | L8: PHỤ CẤP | M8: TRỢ CẤP CỬA HÀNG LỚN | N8: TỔNG THU NHẬP TRÊN HĐLĐ | O8: LƯƠNG TRÊN NGÀY CÔNG CHÍNH THỨC | P8: LƯƠNG TRÊN NGÀY CÔNG THỬ VIỆC | Q8: LƯƠNG NGÀY CH ĐÓNG CỬA | R8: LƯƠNG NGÀY LỄ | S8: THƯỞNG CHUYÊN CẦN | T8: HOA HỒNG BÁN HÀNG | U8: THÂM NIÊN | V8: TĂNG CA | W8: THƯỞNG THI ĐUA | X8: THƯỞNG BÁN HÀNG | Y8: THƯỞNG KHÁC | Z8: TỔNG THU NHẬP | AA8: TRỪ BHXH | AB8: TRỪ PHÍ CÔNG ĐOÀN | AC8: TRỪ THUẾ TNCN | AD8: TRUY THU | AE8: TRỪ ĐẶT CỌC | AF8: TỔNG GIẢM TRỪ | AG8: HOÀN THUẾ | AH8: THỰC LĨNH | AI8: THỰC CHI | AJ8: GHI CHÚ
K10: 1 | L10: 2 | M10: 3 | N10: 4 | O10: 5 | P10: 6 | Q10: 7 | R10: 8 | S10: 9 | T10: 10 | U10: 11 | V10: 12 | W10: 13 | X10: 14 | Y10: 15 | Z10: 16 | AA10: 17 | AB10: 18 | AC10: 19 | AD10: 20 | AE10: 21 | AF10: 22 | AG10: 23 | AH10: 24 | AI10: 25 | AJ10: 26
A11: 1 | B11: VB00005 | C11: NGUYỄN THỊ MAI HOA | D11: 43891 | E11: CHT CC | F11: =$E$7 -> 26 | G11: =VLOOKUP(C11,'BẢNG CÔNG '!$B$6:$AN$31,39,FALSE)-I11-H11 -> 26 | I11: =VLOOKUP(C11,'BẢNG CÔNG '!$B$6:$AK$6,36,FALSE)/8 -> 0 | J11: =H11+G11+I11 -> 26 | K11: 5860000 | L11: 3700000 | M11: 500000 | N11: =SUM(K11:M11) -> 10060000 | O11: =N11/F11*G11 -> 10060000 | P11: =85%*N11/F11*H11 -> 0 | Q11: =K11/$E$7*I11 -> 0 | R11: =K11/$E$7*VLOOKUP(C11,'BẢNG CÔNG '!$B$6:$AL$70,37,FALSE)*300% -> 0 | S11: =VLOOKUP(C11,'BẢNG CÔNG '!$B$6:$AP$31,41,FALSE) -> 350000 | T11: =VLOOKUP(C11,'HOA HỒNG '!$B$12:$J$56,9,FALSE) -> 6889745 | U11: =VLOOKUP(B11,[4]Lương!$C$9:$AM$55, 37, FALSE) -> 0 | V11: =VLOOKUP(C11,'TĂNG CA'!$B$6:$AR$30,43,FALSE) -> 211298.08 | W11: =VLOOKUP(B11, [4]Lương!$C$9:$AN$15, 38, FALSE) -> 0 | X11: =VLOOKUP(B11,[4]Lương!$C$9:$AP$18,39,FALSE) -> 0 | Y11: =VLOOKUP(B11, [4]Lương!$C$9:$AP$15, 40, FALSE) -> 0 | Z11: =SUM(O11:Y11) -> 17511043 | AA11: =VLOOKUP(B11,[4]Lương!$C$9:$BB$25,43,FALSE) -> 0 | AB11: =VLOOKUP(B11,[4]Lương!$C$9:$BB$25,45,FALSE) -> 0 | AC11: =VLOOKUP(B11,[4]Lương!$C$9:$BB$25,50,FALSE) -> 0 | AD11: =VLOOKUP(B11,[4]Lương!$C$9:$BB$25,51,FALSE) -> 0 | AE11: =VLOOKUP(B11,[4]Lương!$C$9:$BB$25,52,FALSE) -> 0 | AF11: =SUM(AA11:AE11) -> 0 | AG11: =VLOOKUP(B11,[4]Lương!$C$9:$CC$25,54,FALSE) -> 0 | AH11: =ROUND((Z11-AF11+AG11),0) -> 17511043 | AI11: =AH11-U11-W11 -> 17511043
A12: 2 | B12: VB00098 | C12: VŨ THỊ TRÀ GIANG | D12: 44358 | E12: NVBH TC | F12: =$E$7 -> 26 | G12: =VLOOKUP(C12,'BẢNG CÔNG '!$B$6:$AN$31,39,FALSE)-I12-H12 -> 26 | I12: =VLOOKUP(C12,'BẢNG CÔNG '!$B$6:$AK$31,36,FALSE)/8 -> 0 | J12: =H12+G12+I12 -> 26 | K12: 5310000 | L12: 1750000 | M12: 500000 | N12: =SUM(K12:M12) -> 7560000 | O12: =N12/F12*G12 -> 7560000 | P12: =85%*N12/F12*H12 -> 0 | Q12: =K12/$E$7*I12 -> 0 | R12: =K12/$E$7*VLOOKUP(C12,'BẢNG CÔNG '!$B$6:$AL$70,37,FALSE)*300% -> 0 | S12: =VLOOKUP(C12,'BẢNG CÔNG '!$B$6:$AP$31,41,FALSE) -> 350000 | T12: =VLOOKUP(C12,'HOA HỒNG '!$B$12:$J$56,9,FALSE) -> #DIV/0! | U12: 0 | V12: =VLOOKUP(C12,'TĂNG CA'!$B$6:$AR$30,43,FALSE) -> 459519.23 | W12: =VLOOKUP(B12, [4]Lương!$C$9:$AN$15, 38, FALSE) -> 0 | X12: =VLOOKUP(B12,[4]Lương!$C$9:$AP$18,39,FALSE) -> 0 | Y12: =VLOOKUP(B12, [4]Lương!$C$9:$AP$15, 40, FALSE) -> 0 | Z12: =SUM(O12:Y12) -> #DIV/0! | AA12: =VLOOKUP(B12,[4]Lương!$C$9:$BB$25,43,FALSE) -> 0 | AB12: =VLOOKUP(B12,[4]Lương!$C$9:$BB$25,45,FALSE) -> 0 | AC12: =VLOOKUP(B12,[4]Lương!$C$9:$BB$25,50,FALSE) -> #DIV/0! | AD12: =VLOOKUP(B12,[4]Lương!$C$9:$BB$25,51,FALSE) -> 0 | AE12: =VLOOKUP(B12,[4]Lương!$C$9:$BB$25,52,FALSE) -> 0 | AF12: =SUM(AA12:AE12) -> #DIV/0! | AG12: =VLOOKUP(B12,[4]Lương!$C$9:$CC$25,54,FALSE) -> 0 | AH12: =ROUND((Z12-AF12+AG12),0) -> #DIV/0! | AI12: =AH12-U12-W12 -> #DIV/0!
A13: 3 | B13: VB00491 | C13: NGUYỄN THỊ NHƯ | D13: 45638 | E13: NVBH TC | F13: =$E$7 -> 26 | G13: =VLOOKUP(C13,'BẢNG CÔNG '!$B$6:$AN$31,39,FALSE)-I13-H13 -> 26 | I13: =VLOOKUP(C13,'BẢNG CÔNG '!$B$6:$AK$31,36,FALSE)/8 -> 0 | J13: =H13+G13+I13 -> 26 | K13: 5310000 | L13: 1750000 | M13: 500000 | N13: =SUM(K13:M13) -> 7560000 | O13: =N13/F13*G13 -> 7560000 | P13: =85%*N13/F13*H13 -> 0 | Q13: =K13/$E$7*I13 -> 0 | R13: =K13/$E$7*VLOOKUP(C13,'BẢNG CÔNG '!$B$6:$AL$70,37,FALSE)*300% -> 0 | S13: =VLOOKUP(C13,'BẢNG CÔNG '!$B$6:$AP$31,41,FALSE) -> 350000 | T13: =VLOOKUP(C13,'HOA HỒNG '!$B$12:$J$56,9,FALSE) -> #DIV/0! | U13: =VLOOKUP(B13,[4]Lương!$C$9:$AM$55, 37, FALSE) -> 0 | V13: =VLOOKUP(C13,'TĂNG CA'!$B$6:$AR$30,43,FALSE) -> 421225.96 | W13: =VLOOKUP(B13, [4]Lương!$C$9:$AN$15, 38, FALSE) -> 0 | X13: =VLOOKUP(B13,[4]Lương!$C$9:$AP$18,39,FALSE) -> 0 | Y13: =VLOOKUP(B13, [4]Lương!$C$9:$AP$15, 40, FALSE) -> 0 | Z13: =SUM(O13:Y13) -> #DIV/0! | AA13: =VLOOKUP(B13,[4]Lương!$C$9:$BB$25,43,FALSE) -> 0 | AB13: =VLOOKUP(B13,[4]Lương!$C$9:$BB$25,45,FALSE) -> 0 | AC13: =VLOOKUP(B13,[4]Lương!$C$9:$BB$25,50,FALSE) -> #DIV/0! | AD13: =VLOOKUP(B13,[4]Lương!$C$9:$BB$25,51,FALSE) -> 0 | AE13: =VLOOKUP(B13,[4]Lương!$C$9:$BB$25,52,FALSE) -> 0 | AF13: =SUM(AA13:AE13) -> #DIV/0! | AG13: =VLOOKUP(B13,[4]Lương!$C$9:$CC$25,54,FALSE) -> 0 | AH13: =ROUND((Z13-AF13+AG13),0) -> #DIV/0! | AI13: =AH13-U13-W13 -> #DIV/0!
A14: 4 | B14: VB00687 | C14: PHÙNG THỊ THU HÀ | D14: 46143 | E14: NVBH SC | F14: =$E$7 -> 26 | G14: =VLOOKUP(C14,'BẢNG CÔNG '!$B$6:$AN$31,39,FALSE)-I14-H14 -> 26 | I14: =VLOOKUP(C14,'BẢNG CÔNG '!$B$6:$AK$31,36,FALSE)/8 -> 0 | J14: =H14+G14+I14 -> 26 | K14: 5310000 | L14: 1050000 | M14: 500000 | N14: =SUM(K14:M14) -> 6860000 | O14: =N14/F14*G14 -> 6860000 | P14: =85%*N14/F14*H14 -> 0 | Q14: =K14/$E$7*I14 -> 0 | R14: =K14/$E$7*VLOOKUP(C14,'BẢNG CÔNG '!$B$6:$AL$70,37,FALSE)*300% -> 0 | S14: =VLOOKUP(C14,'BẢNG CÔNG '!$B$6:$AP$31,41,FALSE) -> 350000 | T14: =VLOOKUP(C14,'HOA HỒNG '!$B$12:$J$56,9,FALSE) -> #DIV/0! | U14: =VLOOKUP(B14,[4]Lương!$C$9:$AM$55, 37, FALSE) -> 0 | V14: =VLOOKUP(C14,'TĂNG CA'!$B$6:$AR$30,43,FALSE) -> 382932.69 | W14: =VLOOKUP(B14, [4]Lương!$C$9:$AN$15, 38, FALSE) -> 0 | X14: =VLOOKUP(B14,[4]Lương!$C$9:$AP$18,39,FALSE) -> 0 | Y14: =VLOOKUP(B14, [4]Lương!$C$9:$AP$15, 40, FALSE) -> 0 | Z14: =SUM(O14:Y14) -> #DIV/0! | AA14: =VLOOKUP(B14,[4]Lương!$C$9:$BB$25,43,FALSE) -> 0 | AB14: =VLOOKUP(B14,[4]Lương!$C$9:$BB$25,45,FALSE) -> 0 | AC14: =VLOOKUP(B14,[4]Lương!$C$9:$BB$25,50,FALSE) -> #DIV/0! | AD14: =VLOOKUP(B14,[4]Lương!$C$9:$BB$25,51,FALSE) -> 0 | AE14: =VLOOKUP(B14,[4]Lương!$C$9:$BB$25,52,FALSE) -> 700000 | AF14: =SUM(AA14:AE14) -> #DIV/0! | AG14: =VLOOKUP(B14,[4]Lương!$C$9:$CC$25,54,FALSE) -> 0 | AH14: =ROUND((Z14-AF14+AG14),0) -> #DIV/0! | AI14: =AH14-U14-W14 -> #DIV/0!
A15: 5 | B15: VB00688 | C15: HOÀNG THU TRANG | D15: 46143 | E15: NVBH SC | F15: =$E$7 -> 26 | G15: =VLOOKUP(C15,'BẢNG CÔNG '!$B$6:$AN$31,39,FALSE)-I15-H15 -> 26 | I15: =VLOOKUP(C15,'BẢNG CÔNG '!$B$6:$AK$31,36,FALSE)/8 -> 0 | J15: =H15+G15+I15 -> 26 | K15: 5310000 | L15: 1050000 | M15: 500000 | N15: =SUM(K15:M15) -> 6860000 | O15: =N15/F15*G15 -> 6860000 | P15: =85%*N15/F15*H15 -> 0 | Q15: =K15/$E$7*I15 -> 0 | R15: =K15/$E$7*VLOOKUP(C15,'BẢNG CÔNG '!$B$6:$AL$70,37,FALSE)*300% -> 0 | S15: =VLOOKUP(C15,'BẢNG CÔNG '!$B$6:$AP$31,41,FALSE) -> 350000 | T15: =VLOOKUP(C15,'HOA HỒNG '!$B$12:$J$56,9,FALSE) -> #DIV/0! | U15: =VLOOKUP(B15,[4]Lương!$C$9:$AM$55, 37, FALSE) -> 0 | V15: =VLOOKUP(C15,'TĂNG CA'!$B$6:$AR$30,43,FALSE) -> 191466.35 | W15: =VLOOKUP(B15, [4]Lương!$C$9:$AN$15, 38, FALSE) -> 0 | X15: =VLOOKUP(B15,[4]Lương!$C$9:$AP$18,39,FALSE) -> 0 | Y15: =VLOOKUP(B15, [4]Lương!$C$9:$AP$15, 40, FALSE) -> 0 | Z15: =SUM(O15:Y15) -> #DIV/0! | AA15: =VLOOKUP(B15,[4]Lương!$C$9:$BB$25,43,FALSE) -> 0 | AB15: =VLOOKUP(B15,[4]Lương!$C$9:$BB$25,45,FALSE) -> 0 | AC15: =VLOOKUP(B15,[4]Lương!$C$9:$BB$25,50,FALSE) -> #DIV/0! | AD15: =VLOOKUP(B15,[4]Lương!$C$9:$BB$25,51,FALSE) -> 0 | AE15: =VLOOKUP(B15,[4]Lương!$C$9:$BB$25,52,FALSE) -> 700000 | AF15: =SUM(AA15:AE15) -> #DIV/0! | AG15: =VLOOKUP(B15,[4]Lương!$C$9:$CC$25,54,FALSE) -> 0 | AH15: =ROUND((Z15-AF15+AG15),0) -> #DIV/0! | AI15: =AH15-U15-W15 -> #DIV/0!
A16: 6 | B16: VB00707 | C16: LÊ NGỌC NHI | D16: 46188 | E16: NVBH SC | F16: =$E$7 -> 26 | G16: =VLOOKUP(C16,'BẢNG CÔNG '!$B$6:$AN$31,39,FALSE)-I16-H16 -> 14 | I16: =VLOOKUP(C16,'BẢNG CÔNG '!$B$6:$AK$31,36,FALSE)/8 -> 0 | J16: =H16+G16+I16 -> 14 | K16: 5310000 | L16: 1050000 | M16: 500000 | N16: =SUM(K16:M16) -> 6860000 | O16: =N16/F16*G16 -> 3693846.2 | P16: =85%*N16/F16*H16 -> 0 | Q16: =K16/$E$7*I16 -> 0 | R16: =K16/$E$7*VLOOKUP(C16,'BẢNG CÔNG '!$B$6:$AL$70,37,FALSE)*300% -> 0 | S16: =VLOOKUP(C16,'BẢNG CÔNG '!$B$6:$AP$31,41,FALSE) -> 188461.54 | T16: =VLOOKUP(C16,'HOA HỒNG '!$B$12:$J$56,9,FALSE) -> #DIV/0! | U16: =VLOOKUP(B16,[4]Lương!$C$9:$AM$55, 37, FALSE) -> 0 | V16: =VLOOKUP(C16,'TĂNG CA'!$B$6:$AR$30,43,FALSE) -> 0 | W16: =VLOOKUP(B16, [4]Lương!$C$9:$AN$15, 38, FALSE) -> 0 | X16: =VLOOKUP(B16,[4]Lương!$C$9:$AP$18,39,FALSE) -> 0 | Y16: =VLOOKUP(B16, [4]Lương!$C$9:$AP$15, 40, FALSE) -> 0 | Z16: =SUM(O16:Y16) -> #DIV/0! | AA16: =VLOOKUP(B16,[4]Lương!$C$9:$BB$25,43,FALSE) -> 0 | AB16: =VLOOKUP(B16,[4]Lương!$C$9:$BB$25,45,FALSE) -> 0 | AC16: =VLOOKUP(B16,[4]Lương!$C$9:$BB$25,50,FALSE) -> #DIV/0! | AD16: =VLOOKUP(B16,[4]Lương!$C$9:$BB$25,51,FALSE) -> 0 | AE16: =VLOOKUP(B16,[4]Lương!$C$9:$BB$25,52,FALSE) -> 0 | AF16: =SUM(AA16:AE16) -> #DIV/0! | AG16: =VLOOKUP(B16,[4]Lương!$C$9:$CC$25,54,FALSE) -> 0 | AH16: =ROUND((Z16-AF16+AG16),0) -> #DIV/0! | AI16: =AH16-U16-W16 -> #DIV/0!
C17: TỔNG | K17: =SUM(K11:K16) -> 32410000 | L17: =SUM(L11:L16) -> 10350000 | M17: =SUM(M11:M16) -> 3000000 | N17: =SUM(N11:N16) -> 45760000 | O17: =SUM(O11:O16) -> 42593846 | P17: =SUM(P11:P16) -> 0 | Q17: =SUM(Q11:Q16) -> 0 | R17: =SUM(R11:R16) -> 0 | ... AI17: =SUM(AI11:AI16) -> #DIV/0!
