Workbook

Sheet Kangatang

Sheet ThongKe
A1: Đơn vị: XTEP VIET NAM
A2: Địa chỉ:
A3: BẢNG THỐNG KÊ CHẤM CÔNG
A4: Từ ngày 01/07/2026 đến ngày 31/07/2026
A6: STT | B6: Mã nhân viên | C6: Tên nhân viên | E6: 1 | F6: 2 | G6: 3 | H6: 4 | I6: 5 | J6: 6 | K6: 7 | L6: 8 | M6: 9 | N6: 10 | O6: 11 | P6: 12 | Q6: 13 | R6: 14 | S6: 15 | T6: 16 | U6: 17 | V6: 18 | W6: 19 | X6: 20 | Y6: 21 | Z6: 22 | AA6: 23 | AB6: 24 | AC6: 25 | AD6: 26 | AE6: 27 | AF6: 28 | AG6: 29 | AH6: 30 | AI6: 31 | AJ6: Ngày công | AL6: Giờ công | AN6: Vào trễ | AP6: Ra sớm | AR6: Tăng ca (giờ) | AU6: Vắng KP | AV6: Ngày nghỉ
E7: T4 | F7: T5 | G7: T6 | H7: T7 | I7: CN | J7: T2 | K7: T3 | L7: T4 | M7: T5 | N7: T6 | O7: T7 | P7: CN | Q7: T2 | R7: T3 | S7: T4 | T7: T5 | U7: T6 | V7: T7 | W7: CN | X7: T2 | Y7: T3 | Z7: T4 | AA7: T5 | AB7: T6 | AC7: T7 | AD7: CN | AE7: T2 | AF7: T3 | AG7: T4 | AH7: T5 | AI7: T6 | AJ7: NT | AK7: CT | AL7: NT | AM7: CT | AN7: Lần | AO7: Phút | AP7: Lần | AQ7: Phút | AR7: TC1 | AS7: TC2 | AT7: TC3 | AV7: OM | AW7: TS | AX7: R
A8: XTEP VIET TRI
A9: 1 | B9: VB00013 | C9: Nguyen Thi Dieu Linh | D9: Vào | E9: 08:51 | F9: V | G9: 13:53 | H9: 08:55 | I9: 13:59 | J9: 08:55 | K9: 08:55 | L9: 08:57 | M9: V | N9: 13:53 | O9: 13:55 | P9: 08:53 | Q9: V | R9: V | S9: 13:56 | T9: 08:57 | U9: 08:54 | V9: 13:53 | W9: Off | X9: 08:55 | Y9: 08:55 | Z9: 08:55 | AA9: 08:55 | AB9: 08:56 | AC9: 13:55 | AD9: 08:50 | AE9: 08:56 | AF9: 08:58 | AG9: 08:58 | AH9: 08:56 | AI9: 08:55 | AJ9: 14.29 | AK9: 0 | AL9: 114.49 | AM9: 0 | AN9: 19 | AO9: 1530 | AP9: 0 | AQ9: 0 | AR9: 61.7 | AS9: 0 | AT9: 0 | AU9: 4 | AV9: 0 | AW9: 0 | AX9: 0
D10: Ra | E10: 17:01 | G10: 22:00 | H10: 17:00 | I10: 22:00 | J10: 17:01 | K10: 22:00 | L10: 17:01 | N10: 22:01 | O10: 22:00 | P10: 17:00 | S10: 22:00 | T10: 22:00 | U10: 17:08 | V10: 22:02 | X10: 22:00 | Y10: 22:02 | Z10: 17:02 | AA10: 17:20 | AB10: 17:01 | AC10: 22:00 | AD10: 22:00 | AE10: 17:01 | AF10: 22:01 | AG10: 22:00 | AH10: 17:10 | AI10: 17:14
A11: 2 | B11: VB00154 | C11: Do Thuy Linh | D11: Vào | E11: 08:55 | F11: 13:56 | G11: 08:52 | H11: 13:56 | I11: 13:53 | J11: V | K11: V | L11: 08:58 | M11: 13:56 | N11: 08:54 | O11: 08:57 | P11: 13:58 | Q11: 08:55 | R11: 08:55 | S11: 08:57 | T11: V | U11: 13:50 | V11: 13:58 | W11: 08:58 | X11: V | Y11: 08:55 | Z11: 13:52 | AA11: 08:55 | AB11: 13:57 | AC11: 08:56 | AD11: 08:50 | AE11: 13:53 | AF11: 08:50 | AG11: V | AH11: 08:50 | AI11: 13:53 | AJ11: 11.76 | AK11: 0 | AL11: 94.28001 | AM11: 0 | AN11: 18 | AO11: 1303 | AP11: 0 | AQ11: 0 | AR11: 69.92 | AS11: 0 | AT11: 0 | AU11: 5 | AV11: 0 | AW11: 0 | AX11: 0
D12: Ra | E12: 22:00 | F12: 22:00 | G12: 17:00 | H12: 22:01 | I12: 22:01 | L12: 22:01 | M12: 22:00 | N12: 17:01 | O12: 17:00 | P12: 22:01 | Q12: 22:01 | R12: 17:01 | S12: 17:02 | U12: 22:01 | V12: 22:00 | W12: 17:02 | Y12: 22:02 | Z12: 22:00 | AA12: 17:20 | AB12: 22:06 | AC12: 22:01 | AD12: 17:16 | AE12: 22:00 | AF12: 22:01 | AH12: 22:00 | AI12: 22:01
A13: 3 | B13: VB00280 | C13: Nguyen Duc Giang | D13: Vào | E13: 13:53 | F13: 08:59 | G13: V | H13: 08:55 | I13: 08:54 | J13: 13:53 | K13: 08:54 | L13: 13:51 | M13: 08:58 | N13: V | O13: 13:55 | P13: 08:53 | Q13: 13:52 | R13: 08:59 | S13: V | T13: 08:58 | U13: 08:54 | V13: 13:53 | W13: 08:58 | X13: 08:56 | Y13: 08:54 | Z13: 08:57 | AA13: 13:54 | AB13: V | AC13: Off | AD13: Off | AE13: V | AF13: V | AG13: V | AH13: V | AI13: V | AJ13: 9.31 | AK13: 0 | AL13: 74.64 | AM13: 0 | AN13: 14 | AO13: 1042 | AP13: 0 | AQ13: 0 | AR13: 53.54 | AS13: 0 | AT13: 0 | AU13: 9 | AV13: 0 | AW13: 0 | AX13: 0
D14: Ra | E14: 22:00 | F14: 22:00 | H14: 17:00 | I14: 17:02 | J14: 22:01 | K14: 17:01 | L14: 22:01 | M14: 22:00 | O14: 22:00 | P14: 17:00 | Q14: 22:01 | R14: 22:03 | T14: 22:00 | U14: 17:07 | V14: 21:59 | W14: 22:00 | X14: 17:00 | Y14: 22:00 | Z14: 22:02 | AA14: 22:01
A15: 4 | B15: VB00429 | C15: Nghiem Thị Thu Hien | D15: Vào | E15: V | F15: 08:59 | G15: 08:54 | H15: 13:55 | I15: 08:52 | J15: 08:55 | K15: 13:52 | L15: V | M15: 08:52 | N15: 08:54 | O15: 08:52 | P15: 13:42 | Q15: 08:54 | R15: 13:56 | S15: 08:57 | T15: 08:57 | U15: 13:55 | V15: 08:54 | W15: 13:59 | X15: 13:55 | Y15: V | Z15: V | AA15: 13:54 | AB15: 08:55 | AC15: 08:56 | AD15: 13:46 | AE15: 08:56 | AF15: V | AG15: 08:58 | AH15: 13:49 | AI15: 08:55 | AJ15: 12.18 | AK15: 0 | AL15: 97.53 | AM15: 0 | AN15: 18 | AO15: 1347 | AP15: 0 | AQ15: 0 | AR15: 65.25999 | AS15: 0 | AT15: 0 | AU15: 5 | AV15: 0 | AW15: 0 | AX15: 0
D16: Ra | F16: 17:00 | G16: 22:00 | H16: 22:01 | I16: 17:06 | J16: 22:01 | K16: 22:00 | M16: 17:01 | N16: 22:01 | O16: 17:01 | P16: 22:01 | Q16: 17:03 | R16: 22:03 | S16: 22:00 | T16: 22:00 | U16: 22:01 | V16: 17:02 | W16: 22:00 | X16: 22:00 | AA16: 22:01 | AB16: 22:06 | AC16: 17:01 | AD16: 22:00 | AE16: 22:00 | AG16: 22:00 | AH16: 22:00 | AI16: 22:01
D18: Ghi chú:
E19: NT: Ngày thường, CT: Cuối tuần
E20: TC1: Tăng ca mức 1, TC2: Tăng ca mức 2, TC3: Tăng ca mức 3
E21: OM:Nghỉ ốm; TS:Nghỉ Thai Sản; R:Việc riêng có lương;
E22: V: Vắng (không có chấm công); Tr: Đi trễ; Sm: Về sớm; KR: Chỉ có giờ chấm công vào; KV: Chỉ có giờ chấm công ra; +: Tăng ca; X: Chấm công đúng giờ;
E23: Ngoài ra còn ký hiệu ghép của các kí hiệu đơn. Ví dụ: X+ là chấm công đúng giờ và có tăng ca

Sheet BẢNG CÔNG 
A1: CÔNG TY TNHH ĐẦU TƯ VIỆT BỘ
A2: MST:0108729006
A3: BẢNG CHẤM CÔNG CỬA HÀNG XTEP VIỆT TRÌ THÁNG 07/2026 | AN3: CÔNG CHUẨN | AP3: 27 | AS3: 9:00 - 17:00 14:00 - 22:00
A4: STT | B4: HỌ VÀ TÊN | C4: CHỨC VỤ | D4: 46204 | E4: =D4+1 -> 46205 | F4: =E4+1 -> 46206 | G4: =F4+1 -> 46207 | H4: =G4+1 -> 46208 | I4: =H4+1 -> 46209 | J4: =I4+1 -> 46210 | K4: =J4+1 -> 46211 | L4: =K4+1 -> 46212 | ... AH4: =AG4+1 -> 46234 | AI4: Ngày đi làm | AJ4: Nghỉ P + Nghỉ Hưởng lương | AK4: Ngày đóng cửa | AL4: Công ngày lễ (Số ngày lễ đi làm) | AM4: TỔNG CÔNG THEO GIỜ | AN4: TỔNG CÔNG THEO NGÀY | AO4: SỐ LẦN ĐI MUỘN/VỀ SỚM | AP4: THƯỞNG CHUYÊN CẦN | AQ4: Xác nhận | AR4: Ghi chú
D5: =IF(WEEKDAY(D4)=1,"CN","T "&WEEKDAY(D4)) -> T 4 | E5: =IF(WEEKDAY(E4)=1,"CN","T "&WEEKDAY(E4)) -> T 5 | F5: =IF(WEEKDAY(F4)=1,"CN","T "&WEEKDAY(F4)) -> T 6 | G5: =IF(WEEKDAY(G4)=1,"CN","T "&WEEKDAY(G4)) -> T 7 | H5: =IF(WEEKDAY(H4)=1,"CN","T "&WEEKDAY(H4)) -> CN | I5: =IF(WEEKDAY(I4)=1,"CN","T "&WEEKDAY(I4)) -> T 2 | J5: =IF(WEEKDAY(J4)=1,"CN","T "&WEEKDAY(J4)) -> T 3 | K5: =IF(WEEKDAY(K4)=1,"CN","T "&WEEKDAY(K4)) -> T 4 | ... AH5: =IF(WEEKDAY(AH4)=1,"CN","T "&WEEKDAY(AH4)) -> T 6
A6: 1 | B6: NGUYỄN THỊ DIỆU LINH | C6: CHT | D6: 8 | E6: 0 | F6: 8 | G6: 8 | H6: 8 | I6: 8 | J6: 8 | K6: 8 | L6: 0 | M6: 8 | N6: 8 | O6: 8 | P6: 0 | Q6: 0 | R6: 8 | S6: 8 | T6: 8 | U6: 8 | V6: P | W6: 8 | X6: 8 | Y6: 8 | Z6: 8 | AA6: 8 | AB6: 8 | AC6: 8 | AD6: 8 | AE6: 8 | AF6: 8 | AG6: 8 | AH6: 8 | AI6: =SUM(D6:AH6) -> 208 | AJ6: =COUNTIF(D6:AG6,"P")*8+COUNTIF(D6:AG6,"KH")*8+COUNTIF(D6:AG6,"TL")*8+COUNTIF(D6:AG6,"NL")*8 -> 8 | AK6: =COUNTIF(D6:AG6,"ĐC")*8 -> 0 | AM6: =AI6+AJ6+AK6 -> 216 | AN6: =IF(AM6/8>$AP$3,$AP$3,AM6/8) -> 27 | AP6: =IF(AND(AN6>=$AP$3,AO6=0),350000,IF(AND(OR(AR6="NV MỚI",AR6="NGHỈ VIỆC"),AO6=0),350000/$AP$3*AN6,0)) -> 350000
A7: 2 | B7: ĐỖ THÙY LINH | C7: NVBH | D7: 8 | E7: 8 | F7: 8 | G7: 8 | H7: 8 | I7: 0 | J7: P | K7: 8 | L7: 8 | M7: 8 | N7: 8 | O7: 8 | P7: 8 | Q7: 8 | R7: 8 | S7: 0 | T7: 8 | U7: 8 | V7: 8 | W7: 0 | X7: 8 | Y7: 8 | Z7: 8 | AA7: 8 | AB7: 8 | AC7: 8 | AD7: 8 | AE7: 8 | AF7: 0 | AG7: 8 | AH7: 8 | AI7: =SUM(D7:AH7) -> 208 | AJ7: =COUNTIF(D7:AG7,"P")*8+COUNTIF(D7:AG7,"KH")*8+COUNTIF(D7:AG7,"TL")*8+COUNTIF(D7:AG7,"NL")*8 -> 8 | AK7: =COUNTIF(D7:AG7,"ĐC")*8 -> 0 | AM7: =AI7+AJ7+AK7 -> 216 | AN7: =IF(AM7/8>$AP$3,$AP$3,AM7/8) -> 27 | AP7: =IF(AND(AN7>=$AP$3,AO7=0),350000,IF(AND(OR(AR7="NV MỚI",AR7="NGHỈ VIỆC"),AO7=0),350000/$AP$3*AN7,0)) -> 350000
A8: 3 | B8: NGHIÊM THỊ THU HIỀN | C8: NVBH | D8: 0 | E8: 8 | F8: 8 | G8: 8 | H8: 8 | I8: 8 | J8: 8 | K8: 0 | L8: 8 | M8: 8 | N8: 8 | O8: 8 | P8: 8 | Q8: 8 | R8: 8 | S8: 8 | T8: 8 | U8: 8 | V8: 8 | W8: 8 | X8: 0 | Y8: P | Z8: 8 | AA8: 8 | AB8: 8 | AC8: 8 | AD8: 8 | AE8: 0 | AF8: 8 | AG8: 8 | AH8: 8 | AI8: =SUM(D8:AH8) -> 208 | AJ8: =COUNTIF(D8:AG8,"P")*8+COUNTIF(D8:AG8,"KH")*8+COUNTIF(D8:AG8,"TL")*8+COUNTIF(D8:AG8,"NL")*8 -> 8 | AK8: =COUNTIF(D8:AG8,"ĐC")*8 -> 0 | AM8: =AI8+AJ8+AK8 -> 216 | AN8: =IF(AM8/8>$AP$3,$AP$3,AM8/8) -> 27 | AP8: =IF(AND(AN8>=$AP$3,AO8=0),350000,IF(AND(OR(AR8="NV MỚI",AR8="NGHỈ VIỆC"),AO8=0),350000/$AP$3*AN8,0)) -> 350000
A9: 4 | B9: NGUYỄN ĐỨC GIANG | C9: NVBH | D9: 8 | E9: 8 | F9: 0 | G9: 8 | H9: 8 | I9: 8 | J9: 8 | K9: 8 | L9: 8 | M9: 0 | N9: 8 | O9: 8 | P9: 8 | Q9: 8 | R9: 0 | S9: 8 | T9: 8 | U9: 8 | V9: 8 | W9: 8 | X9: 8 | Y9: 8 | Z9: 8 | AA9: 0 | AB9: 8 | AC9: 8 | AD9: 8 | AE9: 8 | AF9: 8 | AG9: 8 | AH9: 8 | AI9: =SUM(D9:AH9) -> 216 | AJ9: =COUNTIF(D9:AG9,"P")*8+COUNTIF(D9:AG9,"KH")*8+COUNTIF(D9:AG9,"TL")*8+COUNTIF(D9:AG9,"NL")*8 -> 0 | AK9: =COUNTIF(D9:AG9,"ĐC")*8 -> 0 | AM9: =AI9+AJ9+AK9 -> 216 | AN9: =IF(AM9/8>$AP$3,$AP$3,AM9/8) -> 27 | AP9: =IF(AND(AN9>=$AP$3,AO9=0),350000,IF(AND(OR(AR9="NV MỚI",AR9="NGHỈ VIỆC"),AO9=0),350000/$AP$3*AN9,0)) -> 350000
A10: 5 | B10: VŨ HOÀNG ANH | C10: NVBH | D10: CHƯA NHẬN VIỆC | AE10: 8 | AF10: 8 | AG10: 8 | AH10: 0 | AI10: =SUM(D10:AH10) -> 24 | AJ10: =COUNTIF(D10:AG10,"P")*8+COUNTIF(D10:AG10,"KH")*8+COUNTIF(D10:AG10,"TL")*8+COUNTIF(D10:AG10,"NL")*8 -> 0 | AK10: =COUNTIF(D10:AG10,"ĐC")*8 -> 0 | AM10: =AI10+AJ10+AK10 -> 24 | AN10: =IF(AM10/8>$AP$3,$AP$3,AM10/8) -> 3 | AP10: =IF(AND(AN10>=$AP$3,AO10=0),350000,IF(AND(OR(AR10="NV MỚI",AR10="NGHỈ VIỆC"),AO10=0),350000/$AP$3*AN10,0)) -> 38888.889 | AR10: NV MỚI
A13: Ngày nghỉ hàng tuần: tích 0 và đổ màu
A14: Ngày lễ: tích NL (nếu không có ca) hoặc tích 8 (nếu có ca) và đổ màu
A15: Ngày nghỉ phép có hưởng lương: tích P và đổ màu
A16: Ngày đóng cửa: ĐC
A17: Nghỉ không lương: tích N và đổ màu
A18: Nghỉ thai sản: tích "TS" (áp dụng cả với TH nam có vợ sinh con)
A19: TH Nghỉ hưởng lương khác: Kết hôn tích "KH" , Tang lễ bố/mẹ/con tích TL và đổ màu
A20: Ghi chú: + Đối với nhân viên mới trong tháng/nghỉ việc trong tháng ghi chú như hướng dẫn
B21: + Ô có công thức vui lòng không chỉnh sửa
E23: GIÁM ĐỐC PHÊ DUYỆT | Q23: P. HCNS | AB23: QL KHỐI CỬA HÀNG | AM23: NGƯỜI LẬP
G31: ĐÀO THỊ THU HƯƠNG | R31: BÙI THỊ HOÀI | AC31: NGUYỄN THỊ BẮC | AN31: NGUYỄN THỊ DIỆU LINH

Sheet TĂNG CA
A1: CÔNG TY TNHH ĐẦU TƯ VIỆT BỘ
A2: MST:0108729006
A3: BẢNG CHẤM CÔNG TĂNG CA CỬA HÀNG XTEP VIỆT TRÌ THÁNG 07/2026 | AR3: Công chuẩn | AS3: 27
A4: STT | B4: HỌ VÀ TÊN | C4: PHÒNG BAN | D4: 46204 | E4: =D4+1 -> 46205 | F4: =E4+1 -> 46206 | G4: =F4+1 -> 46207 | H4: =G4+1 -> 46208 | I4: =H4+1 -> 46209 | J4: =I4+1 -> 46210 | K4: =J4+1 -> 46211 | L4: =K4+1 -> 46212 | ... AH4: =AG4+1 -> 46234 | AI4: Tăng ca ngày thường | AJ4: Tăng ca ngày nghỉ | AK4: Tăng ca ngày lễ | AL4: Tăng ca ngày đêm | AM4: Tổng số giờ tăng ca | AN4: Tăng ca ngày thường | AO4: Tăng ca ngày nghỉ hàng tuần | AP4: Tăng ca ngày lễ | AQ4: Tăng ca đêm | AR4: Tổng số tiền tăng ca | AS4: Xác nhận | AT4: Ghi chú | AU4: số giờ TC chuyển sang T12 | AV4: số giờ TC chuyển sang T1.2026
D5: =IF(WEEKDAY(D4)=1,"CN","T "&WEEKDAY(D4)) -> T 4 | E5: =IF(WEEKDAY(E4)=1,"CN","T "&WEEKDAY(E4)) -> T 5 | F5: =IF(WEEKDAY(F4)=1,"CN","T "&WEEKDAY(F4)) -> T 6 | G5: =IF(WEEKDAY(G4)=1,"CN","T "&WEEKDAY(G4)) -> T 7 | H5: =IF(WEEKDAY(H4)=1,"CN","T "&WEEKDAY(H4)) -> CN | I5: =IF(WEEKDAY(I4)=1,"CN","T "&WEEKDAY(I4)) -> T 2 | J5: =IF(WEEKDAY(J4)=1,"CN","T "&WEEKDAY(J4)) -> T 3 | K5: =IF(WEEKDAY(K4)=1,"CN","T "&WEEKDAY(K4)) -> T 4 | ... AH5: =IF(WEEKDAY(AH4)=1,"CN","T "&WEEKDAY(AH4)) -> T 6
A6: 1 | B6: NGUYỄN THỊ DIỆU LINH | C6: CHT | J6: 5 | S6: 5 | W6: 5 | X6: 5 | AC6: 5 | AE6: 5 | AF6: 5 | AI6: =SUM(D6:AH6)-AJ6-AK6-AL6 -> 35 | AM6: =AI6+AJ6+AK6+AL6 -> 35 | AN6: =5860000/$AS$3/8*AI6*150% -> 1424305.6 | AO6: =5860000/$AS$3/8*AJ6*200% -> 0 | AP6: =5860000/$AS$3/8*AK6*300% -> 0 | AQ6: =5860000/$AS$3/8*AL6*200% -> 0 | AR6: =SUM(AN6:AP6) -> 1424305.6 | AU6: 5 | AV6: 0
A7: 2 | B7: ĐỖ THÙY LINH | C7: NVBH | D7: 5 | K7: 5 | P7: 5 | X7: 5 | AB7: 5 | AE7: 5 | AG7: 5 | AI7: =SUM(D7:AH7)-AJ7-AK7-AL7 -> 35 | AM7: =AI7+AJ7+AK7+AL7 -> 35 | AN7: =5310000/$AS$3/8*AI7*150% -> 1290625 | AO7: =5310000/$AS$3/8*AJ7*200% -> 0 | AP7: =5310000/$AS$3/8*AK7*300% -> 0 | AQ7: =5310000/$AS$3/8*AL7*200% -> 0 | AR7: =SUM(AN7:AP7) -> 1290625 | AU7: 5 | AV7: 0
A8: 3 | B8: NGHIÊM THỊ THU HIỀN | C8: NVBH | F8: 5 | I8: 5 | M8: 5 | R8: 5 | S8: 5 | AA8: 5 | AD8: 5 | AF8: 5 | AH8: 5 | AI8: =SUM(D8:AH8)-AJ8-AK8-AL8 -> 45 | AM8: =AI8+AJ8+AK8+AL8 -> 45 | AN8: =5310000/$AS$3/8*AI8*150% -> 1659375 | AO8: =5310000/$AS$3/8*AJ8*200% -> 0 | AP8: =5310000/$AS$3/8*AK8*300% -> 0 | AQ8: =5310000/$AS$3/8*AL8*200% -> 0 | AR8: =SUM(AN8:AP8) -> 1659375 | AU8: 5 | AV8: 0
A9: 4 | B9: NGUYỄN ĐỨC GIANG | C9: NVBH | E9: 5 | L9: 5 | Q9: 5 | S9: 5 | V9: 5 | X9: 5 | Y9: 5 | AI9: =SUM(D9:AH9)-AJ9-AK9-AL9 -> 35 | AM9: =AI9+AJ9+AK9+AL9 -> 35 | AN9: =5310000/$AS$3/8*AI9*150% -> 1290625 | AO9: =5310000/$AS$3/8*AJ9*200% -> 0 | AP9: =5310000/$AS$3/8*AK9*300% -> 0 | AQ9: =5310000/$AS$3/8*AL9*200% -> 0 | AR9: =SUM(AN9:AP9) -> 1290625 | AU9: 15 | AV9: 0
A10: 5 | B10: VŨ HOÀNG ANH | C10: NVBH | D10: CHƯA NHẬN VIỆC | AI10: =SUM(D10:AH10)-AJ10-AK10-AL10 -> 0 | AM10: =AI10+AJ10+AK10+AL10 -> 0 | AN10: =5310000/$AS$3/8*AI10*150% -> 0 | AO10: =5310000/$AS$3/8*AJ10*200% -> 0 | AP10: =5310000/$AS$3/8*AK10*300% -> 0 | AQ10: =5310000/$AS$3/8*AL10*200% -> 0 | AR10: =SUM(AN10:AP10) -> 0
C13: GIÁM ĐỐC | J13: P. HCNS | W13: QL. KHỐI CỬA HÀNG | AN13: NGƯỜI LẬP BIỂU
C19: ĐÀO THỊ THU HƯƠNG | L19: BÙI THỊ HOÀI | Y19: NGUYỄN THỊ BẮC | AN19: NGUYỄN THỊ DIỆU LINH

Sheet HOA HỒNG 
A1: CÔNG TY TNHH ĐẦU TƯ VIỆT BỘ
A2: MST:0108729006
A4: HOA HỒNG BÁN HÀNG CỬA HÀNG XTEP VIỆT TRÌ
A5: Tháng 07/2026
A7: STT | B7: Họ và tên | C7: Chức vụ | D7: Chỉ tiêu doanh số T07.2026 | E7: Doanh số bán hàng thực tế T07.2026 | F7: %Đạt | G7: Hệ số chức vụ | H7: Ngày công thực tế | I7: Ngày công chuẩn | J7: Lương doanh số | K7: Ký tên
D8: 420000000 | E8: 349812000 | F8: =E8/D8 -> 0.83288571 | I8: 27
E9: HH cả cửa hàng tháng 07 | J9: =E23 -> 10144548
E10: HH toàn bộ nhân viên bán hàng tháng 07 | J10: =E25 -> 6763032
A11: 1 | B11: NGUYỄN THỊ DIỆU LINH | C11: CHT CC | D11: 420000000 | E11: 349812000 | F11: =E11/D11 -> 0.83288571 | G11: 1.7 | H11: =VLOOKUP(B11,'BẢNG CÔNG '!$B$6:$AN$9,39,FALSE) -> 27 | I11: =$I$8 -> 27 | J11: =IF(H11>=7,$J$9/$G$15*G11*H11/I11,0) -> 3381516
A12: 2 | B12: ĐỖ THÙY LINH | C12: NVBH CC | F12: =E12/$E$15 -> #DIV/0! | G12: 1.2 | H12: =VLOOKUP(B12,'BẢNG CÔNG '!$B$6:$AN$9,39,FALSE) -> 27 | I12: =$I$8 -> 27 | J12: =$J$10*F12 -> #DIV/0!
A13: 3 | B13: NGUYỄN ĐỨC GIANG | C13: NVBH CC | F13: =E13/$E$15 -> #DIV/0! | G13: 1.2 | H13: =VLOOKUP(B13,'BẢNG CÔNG '!$B$6:$AN$9,39,FALSE) -> 27 | I13: =$I$8 -> 27 | J13: =$J$10*F13 -> #DIV/0!
A14: 4 | B14: NGHIÊM THỊ THU HIỀN | C14: NVBH TC | F14: =E14/$E$15 -> #DIV/0! | G14: 1 | H14: =VLOOKUP(B14,'BẢNG CÔNG '!$B$6:$AN$9,39,FALSE) -> 27 | I14: =$I$8 -> 27 | J14: =$J$10*F14 -> #DIV/0!
B15: TỔNG | D15: =SUM(D12:D14) -> 0 | E15: =SUM(E12:E14) -> 0 | G15: =SUM(G11:G14) -> 5.1 | J15: =SUM(J11:J14) -> #DIV/0!
A16: CÔNG THỨC TÍNH HH CỦA NHÂN VIÊN CỬA HÀNG
A17: 1. Hoa hồng của cá nhân nhân viên không phải NVBH= Hoa hồng của cả cửa hàng ÷ Tổng hệ số cả cửa hàng X Hệ số tương ứng với chức vụ X Ngày công thực tế ÷ Ngày công chuẩn Hoa hồng được tính khi ngày công thực tế >= 7 ngày
A18: 2. Hoa hồng của cá nhân nhân viên bán hàng= (Hoa hồng cả cửa hàng – Hoa hồng của nhân viên không phải NVBH)× tỉ lệ bán hàng của cá nhân
A19: 3. Điền dữ liệu vào các ô màu
B20: Tỉ lệ hoa hồng dưới mức 100% | E20: =IF(F8<=60%,0.006,IF(F8<=70%,1.8%,IF(F8<=80%,2.3%,IF(F8<=90%,0.029,3.8%)))) -> 0.029
B21: Tỉ lệ hoa hồng vượt mức 100% | E21: =IF(F8>100%,0.048,"-") -> -
B22: Tỷ lệ đạt doanh số | E22: =E8/D8 -> 0.83288571
B23: Tổng Hoa hồng của cả cửa hàng | E23: =IF(F8<=100%,E20*E8,E20*D8+(E8-D8)*E21) -> 10144548
B24: Tổng Hoa hồng của tất cả các nhân viên không phải NVBH: | E24: =J11 -> 3381516
B25: Tổng Hoa hồng nhân viên BH | E25: =E23-E24 -> 6763032
B27: QUẢN LÝ KHỐI CỬA HÀNG | E27: TRƯỞNG PHÒNG | I27: NGƯỜI LẬP BIỂU
B33: NGUYỄN THỊ BẮC | I33: NGUYỄN THỊ DIỆU LINH

Sheet BẢNG LƯƠNG
A1: CÔNG TY TNHH ĐẦU TƯ VIỆT BỘ
A2: MST:0108729006
E5: BẢNG LƯƠNG CỬA HÀNG VINCOM VIỆT TRÌ
R6: THÁNG 07/2026
C7: Ngày công chuẩn trong tháng: | E7: 27
A8: STT | B8: MÃ NV | C8: HỌ VÀ TÊN | D8: NGÀY VÀO | E8: CHỨC VỤ | F8: SỐ NGÀY CÔNG CHUẨN | G8: CÔNG CHÍNH THỨC | H8: CÔNG THỬ VIỆC | I8: CÔNG ĐÓNG CỬA | J8: TỔNG NGÀY CÔNG | K8: LƯƠNG CƠ BẢN | L8: PHỤ CẤP | M8: TỔNG THU NHẬP TRÊN HĐLĐ | N8: LƯƠNG NGÀY CÔNG CHÍNH THỨC | O8: LƯƠNG NGÀY CÔNG THỬ VIỆC | P8: LƯƠNG NGÀY CÔNG ĐC | Q8: LƯƠNG NGÀY LỄ | R8: THƯỞNG CHUYÊN CẦN | S8: HOA HỒNG BÁN HÀNG | T8: THÂM NIÊN | U8: TĂNG CA | V8: THƯỞNG THI ĐUA | W8: THƯỞNG BÁN HÀNG | X8: THƯỞNG KHÁC | Y8: TỔNG THU NHẬP | Z8: TRỪ BHXH | AA8: TRỪ PHÍ CÔNG ĐOÀN | AB8: TRỪ THUẾ TNCN | AC8: TRUY THU | AD8: TRỪ ĐẶT CỌC | AE8: TỔNG GIẢM TRỪ | AF8: HOÀN THUẾ | AG8: THỰC LĨNH | AH8: THỰC CHI | AI8: GHI CHÚ
K10: 1 | L10: 2 | M10: 4 | N10: 5 | O10: 6 | P10: 7 | Q10: 8 | R10: 9 | S10: 10 | T10: 11 | U10: 12 | V10: 13 | W10: 14 | X10: 15 | Y10: 16 | Z10: 17 | AA10: 18 | AB10: 19 | AC10: 20 | AD10: 21 | AE10: 22 | AF10: 23 | AG10: 24 | AH10: 25 | AI10: 26
A11: 1 | B11: VB00013 | C11: NGUYỄN THỊ DIỆU LINH | D11: 43818 | E11: CHT CC | F11: =$E$7 -> 27 | G11: =VLOOKUP(C11,'BẢNG CÔNG '!$B$5:$AN$99,39,FALSE)-H11-I11 -> 27 | I11: =VLOOKUP(C11,'BẢNG CÔNG '!$B$5:$AK$9,36,FALSE)/8 -> 0 | J11: =H11+G11+I11 -> 27 | K11: 5860000 | L11: 2400000 | M11: =SUM(K11:L11) -> 8260000 | N11: =M11/F11*G11 -> 8260000 | O11: =85%*M11/F11*H11 -> 0 | P11: =K11/$E$7*I11 -> 0 | Q11: =K11/F11*VLOOKUP(C11,'BẢNG CÔNG '!$B$5:$AL$9,37,FALSE)*300% -> 0 | R11: =VLOOKUP(C11,'BẢNG CÔNG '!$B$5:$AP$100,41,FALSE) -> 350000 | S11: =VLOOKUP(C11,'HOA HỒNG '!$B$11:$J$98,9,FALSE) -> 3381516 | T11: =VLOOKUP(B11,[1]Lương!$C$13:$BK$228,37,FALSE) -> 0 | U11: =VLOOKUP(C11,'TĂNG CA'!$B$5:$AR$9,43,FALSE) -> 1424305.6 | V11: =IFERROR(VLOOKUP(B11,[1]Lương!$C$1:$BK$1007,38,FALSE),0) -> 0 | W11: =VLOOKUP(B11,[1]Lương!$C$9:$BF$141,39,FALSE) -> 0 | X11: =VLOOKUP(B11,[1]Lương!$C$9:$BF$141,40,FALSE) -> 0 | Y11: =SUM(N11:X11) -> 13415822 | Z11: =VLOOKUP(B11,[1]Lương!$C$9:$BF$141,43,FALSE) -> 615300 | AA11: =VLOOKUP(B11,[1]Lương!$C$9:$BF$141,45,FALSE) -> 29300 | AB11: =VLOOKUP(B11,[1]Lương!$C$9:$BF$141,50,FALSE) -> 0 | AC11: =VLOOKUP(B11,[1]Lương!$C$9:$BF$141,51,FALSE) -> 0 | AD11: =VLOOKUP(B11,[1]Lương!$C$9:$BF$141,52,FALSE) -> 0 | AE11: =SUM(Z11:AD11) -> 644600 | AF11: 0 | AG11: =ROUND((Y11-AE11+AF11),0) -> 12771222 | AH11: =AG11-T11-V11 -> 12771222
A12: 2 | B12: VB00154 | C12: ĐỖ THÙY LINH | D12: 44550 | E12: NVBH CC | F12: =$E$7 -> 27 | G12: =VLOOKUP(C12,'BẢNG CÔNG '!$B$5:$AN$99,39,FALSE)-H12-I12 -> 27 | I12: =VLOOKUP(C12,'BẢNG CÔNG '!$B$7:$AK$9,36,FALSE)/8 -> 0 | J12: =H12+G12+I12 -> 27 | K12: 5310000 | L12: 1000000 | M12: =SUM(K12:L12) -> 6310000 | N12: =M12/F12*G12 -> 6310000 | O12: =85%*M12/F12*H12 -> 0 | P12: =K12/$E$7*I12 -> 0 | Q12: =K12/F12*VLOOKUP(C12,'BẢNG CÔNG '!$B$7:$AL$9,37,FALSE)*300% -> 0 | R12: =VLOOKUP(C12,'BẢNG CÔNG '!$B$7:$AP$100,41,FALSE) -> 350000 | S12: =VLOOKUP(C12,'HOA HỒNG '!$B$11:$J$98,9,FALSE) -> #DIV/0! | T12: =VLOOKUP(B12,[1]Lương!$C$13:$BK$228,37,FALSE) -> 0 | U12: =VLOOKUP(C12,'TĂNG CA'!$B$7:$AR$9,43,FALSE) -> 1290625 | V12: =IFERROR(VLOOKUP(B12,[1]Lương!$C$1:$BK$1007,38,FALSE),0) -> 0 | W12: =VLOOKUP(B12,[1]Lương!$C$9:$BF$141,39,FALSE) -> 0 | X12: =VLOOKUP(B12,[1]Lương!$C$9:$BF$141,40,FALSE) -> 0 | Y12: =SUM(N12:X12) -> #DIV/0! | Z12: =VLOOKUP(B12,[1]Lương!$C$9:$BF$141,43,FALSE) -> 557550 | AA12: =VLOOKUP(B12,[1]Lương!$C$9:$BF$141,45,FALSE) -> 26550 | AB12: =VLOOKUP(B12,[1]Lương!$C$9:$BF$141,50,FALSE) -> #DIV/0! | AC12: =VLOOKUP(B12,[1]Lương!$C$9:$BF$141,51,FALSE) -> 0 | AD12: =VLOOKUP(B12,[1]Lương!$C$9:$BF$141,52,FALSE) -> 0 | AE12: =SUM(Z12:AD12) -> #DIV/0! | AF12: 0 | AG12: =ROUND((Y12-AE12+AF12),0) -> #DIV/0! | AH12: =AG12-T12-V12 -> #DIV/0!
A13: 3 | B13: VB00280 | C13: NGUYỄN ĐỨC GIANG | D13: 44958 | E13: NVBH CC | F13: =$E$7 -> 27 | G13: =VLOOKUP(C13,'BẢNG CÔNG '!$B$5:$AN$99,39,FALSE)-H13-I13 -> 27 | I13: =VLOOKUP(C13,'BẢNG CÔNG '!$B$7:$AK$9,36,FALSE)/8 -> 0 | J13: =H13+G13+I13 -> 27 | K13: 5310000 | L13: 1000000 | M13: =SUM(K13:L13) -> 6310000 | N13: =M13/F13*G13 -> 6310000 | O13: =85%*M13/F13*H13 -> 0 | P13: =K13/$E$7*I13 -> 0 | Q13: =K13/F13*VLOOKUP(C13,'BẢNG CÔNG '!$B$7:$AL$9,37,FALSE)*300% -> 0 | R13: =VLOOKUP(C13,'BẢNG CÔNG '!$B$7:$AP$100,41,FALSE) -> 350000 | S13: =VLOOKUP(C13,'HOA HỒNG '!$B$11:$J$98,9,FALSE) -> #DIV/0! | T13: =VLOOKUP(B13,[1]Lương!$C$13:$BK$228,37,FALSE) -> 0 | U13: =VLOOKUP(C13,'TĂNG CA'!$B$7:$AR$9,43,FALSE) -> 1290625 | V13: =IFERROR(VLOOKUP(B13,[1]Lương!$C$1:$BK$1007,38,FALSE),0) -> 0 | W13: =VLOOKUP(B13,[1]Lương!$C$9:$BF$141,39,FALSE) -> 0 | X13: =VLOOKUP(B13,[1]Lương!$C$9:$BF$141,40,FALSE) -> 0 | Y13: =SUM(N13:X13) -> #DIV/0! | Z13: =VLOOKUP(B13,[1]Lương!$C$9:$BF$141,43,FALSE) -> 557550 | AA13: =VLOOKUP(B13,[1]Lương!$C$9:$BF$141,45,FALSE) -> 26550 | AB13: =VLOOKUP(B13,[1]Lương!$C$9:$BF$141,50,FALSE) -> #DIV/0! | AC13: =VLOOKUP(B13,[1]Lương!$C$9:$BF$141,51,FALSE) -> 0 | AD13: =VLOOKUP(B13,[1]Lương!$C$9:$BF$141,52,FALSE) -> 0 | AE13: =SUM(Z13:AD13) -> #DIV/0! | AF13: 0 | AG13: =ROUND((Y13-AE13+AF13),0) -> #DIV/0! | AH13: =AG13-T13-V13 -> #DIV/0!
A14: 4 | B14: VB00429 | C14: NGHIÊM THỊ THU HIỀN | D14: 45488 | E14: NVBH TC | F14: =$E$7 -> 27 | G14: =VLOOKUP(C14,'BẢNG CÔNG '!$B$5:$AN$99,39,FALSE)-H14-I14 -> 27 | I14: =VLOOKUP(C14,'BẢNG CÔNG '!$B$7:$AK$9,36,FALSE)/8 -> 0 | J14: =H14+G14+I14 -> 27 | K14: 5310000 | L14: 900000 | M14: =SUM(K14:L14) -> 6210000 | N14: =M14/F14*G14 -> 6210000 | O14: =85%*M14/F14*H14 -> 0 | P14: =K14/$E$7*I14 -> 0 | Q14: =K14/F14*VLOOKUP(C14,'BẢNG CÔNG '!$B$7:$AL$9,37,FALSE)*300% -> 0 | R14: =VLOOKUP(C14,'BẢNG CÔNG '!$B$7:$AP$100,41,FALSE) -> 350000 | S14: =VLOOKUP(C14,'HOA HỒNG '!$B$11:$J$98,9,FALSE) -> #DIV/0! | T14: =VLOOKUP(B14,[1]Lương!$C$13:$BK$228,37,FALSE) -> 0 | U14: =VLOOKUP(C14,'TĂNG CA'!$B$7:$AR$9,43,FALSE) -> 1659375 | V14: =IFERROR(VLOOKUP(B14,[1]Lương!$C$1:$BK$1007,38,FALSE),0) -> 0 | W14: =VLOOKUP(B14,[1]Lương!$C$9:$BF$141,39,FALSE) -> 0 | X14: =VLOOKUP(B14,[1]Lương!$C$9:$BF$141,40,FALSE) -> 0 | Y14: =SUM(N14:X14) -> #DIV/0! | Z14: =VLOOKUP(B14,[1]Lương!$C$9:$BF$141,43,FALSE) -> 557550 | AA14: =VLOOKUP(B14,[1]Lương!$C$9:$BF$141,45,FALSE) -> 26550 | AB14: =VLOOKUP(B14,[1]Lương!$C$9:$BF$141,50,FALSE) -> #DIV/0! | AC14: =VLOOKUP(B14,[1]Lương!$C$9:$BF$141,51,FALSE) -> 0 | AD14: =VLOOKUP(B14,[1]Lương!$C$9:$BF$141,52,FALSE) -> 0 | AE14: =SUM(Z14:AD14) -> #DIV/0! | AF14: 0 | AG14: =ROUND((Y14-AE14+AF14),0) -> #DIV/0! | AH14: =AG14-T14-V14 -> #DIV/0!
A15: 5 | B15: VB00720 | C15: VŨ HOÀNG ANH | D15: 46231 | E15: NVBH SC | F15: =$E$7 -> 27 | G15: =VLOOKUP(C15,'BẢNG CÔNG '!$B$6:$AN$99,39,FALSE)-H15-I15 -> #N/A | I15: =VLOOKUP(C15,'BẢNG CÔNG '!$B$7:$AK$9,36,FALSE)/8 -> #N/A | J15: =H15+G15+I15 -> #N/A | K15: 5310000 | L15: 800000 | M15: =SUM(K15:L15) -> 6110000 | N15: =M15/F15*G15 -> #N/A | O15: =85%*M15/F15*H15 -> 0 | P15: =K15/$E$7*I15 -> #N/A | Q15: =K15/F15*VLOOKUP(C15,'BẢNG CÔNG '!$B$7:$AL$9,37,FALSE)*300% -> #N/A | R15: =VLOOKUP(C15,'BẢNG CÔNG '!$B$7:$AP$100,41,FALSE) -> 38888.889 | S15: =VLOOKUP(C15,'HOA HỒNG '!$B$11:$J$98,9,FALSE) -> #N/A | T15: =VLOOKUP(B15,[1]Lương!$C$13:$BK$228,37,FALSE) -> 0 | U15: =VLOOKUP(C15,'TĂNG CA'!$B$7:$AR$9,43,FALSE) -> #N/A | V15: =IFERROR(VLOOKUP(B15,[1]Lương!$C$1:$BK$1007,38,FALSE),0) -> 0 | W15: =VLOOKUP(B15,[1]Lương!$C$9:$BF$141,39,FALSE) -> 0 | X15: =VLOOKUP(B15,[1]Lương!$C$9:$BF$141,40,FALSE) -> 0 | Y15: =SUM(N15:X15) -> #N/A | Z15: =VLOOKUP(B15,[1]Lương!$C$9:$BF$141,43,FALSE) -> #N/A | AA15: =VLOOKUP(B15,[1]Lương!$C$9:$BF$141,45,FALSE) -> #N/A | AB15: =VLOOKUP(B15,[1]Lương!$C$9:$BF$141,50,FALSE) -> #N/A | AC15: =VLOOKUP(B15,[1]Lương!$C$9:$BF$141,51,FALSE) -> 0 | AD15: =VLOOKUP(B15,[1]Lương!$C$9:$BF$141,52,FALSE) -> 0 | AE15: =SUM(Z15:AD15) -> #N/A | AF15: 0 | AG15: =ROUND((Y15-AE15+AF15),0) -> #N/A | AH15: =AG15-T15-V15 -> #N/A
C16: TỔNG | K16: =SUM(K11:K15) -> 27100000 | L16: =SUM(L11:L15) -> 6100000 | M16: =SUM(M11:M15) -> 33200000 | N16: =SUM(N11:N15) -> #N/A | O16: =SUM(O11:O15) -> 0 | P16: =SUM(P11:P15) -> #N/A | Q16: =SUM(Q11:Q15) -> #N/A | R16: =SUM(R11:R15) -> 1438888.9 | ... AH16: =SUM(AH11:AH15) -> #DIV/0!
